hour,road_length_km,road_width_lanes,num_vehicles,avg_speed_kmh,density,congestion_level
6,7.87,2,68,63.3,4.32,0
19,4.35,2,78,56.5,8.96,1
14,6.22,4,85,58.4,3.42,0
10,6.51,2,74,67.6,5.68,0
7,4.04,8,88,58.7,2.72,0
20,5.37,8,158,51.2,3.68,0
6,4.42,2,50,73.8,5.65,0
18,1.16,4,111,51.8,23.99,2
22,4.65,4,116,50.5,6.23,0
10,1.43,2,52,75.2,18.24,2
10,4.35,6,108,53.7,4.14,0
23,6.13,8,180,42.0,3.67,0
20,6.0,6,122,59.5,3.39,0
3,6.79,4,57,64.7,2.1,0
7,1.4,4,46,70.3,8.19,1
23,6.7,6,150,47.4,3.73,0
2,3.47,2,51,71.1,7.36,0
21,4.29,6,113,55.6,4.39,0
20,8.65,6,107,46.6,2.06,0
1,0.59,8,67,59.0,14.3,1
23,6.09,8,159,37.8,3.26,0
11,6.19,6,108,59.1,2.91,0
5,4.27,6,73,55.6,2.85,0
1,2.75,4,59,72.9,5.36,0
20,2.73,8,145,47.6,6.64,0
0,8.9,8,80,65.8,1.12,0
11,4.7,4,94,51.9,5.0,0
21,3.64,2,86,58.9,11.8,1
11,4.76,8,128,49.5,3.36,0
16,6.86,8,124,50.3,2.26,0
9,1.88,2,80,61.5,21.22,2
15,4.77,8,118,49.1,3.09,0
14,6.08,8,122,50.2,2.51,0
14,9.51,2,78,65.7,4.1,0
18,2.9,2,90,51.7,15.52,2
11,3.91,6,105,61.5,4.47,0
22,4.1,4,105,58.7,6.4,0
19,6.25,4,108,48.2,4.32,0
2,3.89,2,43,71.2,5.53,0
4,5.57,2,42,74.0,3.77,0
18,7.93,8,142,38.3,2.24,0
6,7.2,6,72,62.2,1.67,0
20,4.74,6,124,48.6,4.36,0
8,8.71,2,52,63.8,2.99,0
6,5.8,8,98,56.0,2.11,0
17,5.63,8,149,39.7,3.31,0
3,0.82,4,75,68.1,22.73,2
13,9.87,4,103,51.1,2.61,0
17,1.67,8,130,51.5,9.74,1
8,2.7,4,85,50.5,7.88,0
20,0.99,2,97,54.9,48.93,2
1,6.58,8,87,58.3,1.65,0
19,2.63,4,108,52.0,10.25,1
14,2.21,6,127,46.3,9.58,1
6,1.34,8,115,47.9,10.72,1
11,1.48,8,124,52.8,10.46,1
7,6.05,6,87,63.2,2.39,0
14,7.04,2,78,60.1,5.54,0
2,4.28,6,79,54.8,3.08,0
13,5.06,8,117,59.7,2.89,0
16,7.02,2,93,52.4,6.63,0
3,0.67,4,51,60.0,19.17,2
17,3.57,4,106,43.4,7.42,0
7,9.74,4,50,68.0,1.28,0
3,6.01,8,87,57.2,1.81,0
1,2.92,6,91,62.4,5.2,0
5,5.46,2,61,67.8,5.59,0
21,3.76,4,130,49.0,8.65,1
9,5.56,2,56,64.6,5.04,0
3,1.69,8,94,62.0,6.93,0
21,1.76,4,127,57.6,18.03,2
17,1.86,8,141,49.8,9.46,1
11,9.43,6,106,51.2,1.87,0
1,7.46,8,103,58.2,1.73,0
9,2.04,8,100,53.0,6.12,0
3,2.29,6,75,55.7,5.46,0
13,7.44,2,57,61.3,3.83,0
15,1.98,6,102,52.7,8.57,1
14,2.73,6,120,50.5,7.33,0
7,9.65,8,95,66.6,1.23,0
13,2.93,2,82,55.1,14.02,1
22,6.79,4,134,53.1,4.94,0
7,9.8,6,87,56.7,1.48,0
20,4.06,2,101,44.7,12.45,1
15,0.67,6,120,47.5,30.01,2
12,2.82,6,91,63.1,5.38,0
17,8.39,6,112,53.7,2.22,0
14,8.71,6,99,57.3,1.89,0
20,7.8,8,138,52.1,2.21,0
23,1.57,2,112,46.8,35.57,2
12,8.06,2,66,58.2,4.1,0
8,9.23,2,59,53.9,3.2,0
14,6.21,6,99,59.6,2.66,0
12,9.44,8,132,49.8,1.75,0
0,8.35,6,62,68.1,1.24,0
6,6.84,6,101,48.8,2.46,0
8,5.98,2,60,57.0,5.01,0
23,3.81,6,122,42.9,5.33,0
0,2.01,4,50,62.9,6.21,0
11,6.25,6,90,65.3,2.4,0
7,3.52,4,78,65.5,5.54,0
23,8.73,6,134,44.2,2.56,0
10,9.94,8,115,52.7,1.45,0
18,7.65,8,134,43.1,2.19,0
16,1.36,2,78,62.3,28.69,2
7,3.24,6,79,54.6,4.06,0
2,1.54,4,66,67.3,10.74,1
2,6.68,4,56,61.8,2.1,0
0,7.77,6,64,68.0,1.37,0
4,9.29,4,62,62.4,1.67,0
9,4.66,8,104,50.0,2.79,0
6,9.06,4,66,71.6,1.82,0
8,8.84,2,62,65.4,3.51,0
6,3.51,8,91,55.6,3.24,0
8,8.75,8,99,59.0,1.41,0
7,4.07,8,118,43.8,3.63,0
11,3.32,6,97,61.3,4.87,0
1,6.67,6,65,63.1,1.63,0
0,3.62,8,70,65.5,2.42,0
15,6.49,6,121,42.0,3.11,0
22,6.29,4,107,51.3,4.25,0
22,5.85,6,133,46.8,3.79,0
23,4.11,6,119,55.4,4.82,0
4,5.71,8,104,57.4,2.28,0
2,6.17,2,53,64.8,4.3,0
11,5.68,2,73,63.3,6.42,0
7,4.72,2,41,76.0,4.34,0
21,0.64,4,123,48.3,48.1,2
2,6.08,6,65,62.2,1.78,0
0,2.1,2,24,64.6,5.71,0
2,6.6,8,86,57.1,1.63,0
4,7.71,2,43,60.6,2.79,0
14,5.25,2,72,61.4,6.85,0
13,5.65,6,119,55.2,3.51,0
2,9.54,6,94,45.9,1.64,0
0,8.55,6,54,72.7,1.05,0
4,9.19,4,57,64.1,1.55,0
22,8.23,4,119,50.1,3.61,0
13,1.53,2,71,59.7,23.13,2
6,1.92,6,89,49.2,7.74,0
8,5.5,2,69,58.8,6.27,0
14,2.84,8,133,57.2,5.86,0
14,5.03,8,132,41.5,3.28,0
9,4.25,6,111,44.3,4.36,0
12,5.72,6,88,58.7,2.56,0
18,7.6,8,152,41.6,2.5,0
6,7.3,6,81,58.1,1.85,0
16,5.45,4,107,53.3,4.91,0
19,8.31,4,98,58.7,2.95,0
3,4.59,6,67,60.3,2.43,0
4,9.02,8,102,55.5,1.41,0
22,1.18,2,82,64.6,34.83,2
6,9.57,6,95,51.3,1.65,0
12,6.72,6,116,39.4,2.88,0
14,4.11,2,79,63.6,9.61,1
10,2.37,6,99,67.8,6.95,0
3,5.05,2,36,71.0,3.56,0
12,2.35,8,126,49.5,6.71,0
6,2.08,4,73,60.3,8.77,1
18,6.36,8,128,55.9,2.51,0
21,5.47,4,111,51.9,5.07,0
1,6.87,2,37,69.8,2.69,0
9,9.33,4,75,65.8,2.01,0
12,5.56,8,106,51.1,2.38,0
20,6.02,4,118,44.1,4.9,0
5,1.35,2,48,72.4,17.76,2
11,7.32,4,85,55.8,2.9,0
11,4.3,6,95,51.4,3.68,0
19,9.78,8,145,54.3,1.85,0
10,8.32,6,99,54.4,1.98,0
22,5.46,2,114,54.0,10.43,1
6,1.67,4,74,61.6,11.07,1
0,8.66,6,65,59.3,1.25,0
0,8.1,6,60,68.4,1.23,0
19,2.25,4,117,52.3,12.98,1
12,3.31,4,85,55.5,6.43,0
8,8.04,8,106,55.7,1.65,0
2,2.26,6,72,59.4,5.31,0
6,9.22,6,81,54.2,1.46,0
5,4.53,2,49,61.7,5.4,0
7,1.33,8,124,50.4,11.68,1
8,8.25,2,49,65.8,2.97,0
4,4.05,6,71,69.8,2.92,0
0,5.5,2,49,67.5,4.45,0
18,1.57,6,118,46.6,12.55,1
9,0.52,6,90,58.3,28.6,2
11,6.56,2,79,53.8,6.02,0
23,5.39,2,90,57.1,8.34,1
14,6.14,4,102,56.1,4.15,0
21,8.04,4,115,52.2,3.58,0
23,6.64,4,125,55.3,4.7,0
8,2.16,6,96,69.0,7.41,0
19,3.93,2,86,61.9,10.95,1
16,9.11,8,142,50.4,1.95,0
16,7.81,6,110,65.2,2.35,0
19,5.79,8,145,38.7,3.13,0
11,2.93,2,81,60.4,13.83,1
6,3.37,6,99,52.9,4.9,0
1,7.45,8,84,63.2,1.41,0
2,8.59,8,94,57.9,1.37,0
16,6.88,4,96,51.9,3.49,0
4,8.19,4,89,57.8,2.72,0
16,7.78,4,107,58.5,3.44,0
23,1.92,6,137,39.2,11.88,1
16,4.53,2,87,54.3,9.61,1
16,1.95,2,88,53.3,22.53,2
1,2.73,4,59,66.9,5.39,0
1,8.76,4,52,73.2,1.48,0
21,4.99,4,111,42.2,5.56,0
22,5.59,8,148,43.5,3.31,0
4,2.2,4,52,62.4,5.92,0
0,3.47,8,91,62.3,3.28,0
0,2.69,2,27,72.1,5.02,0
18,2.46,6,111,52.9,7.52,0
1,6.56,6,70,62.5,1.78,0
20,2.94,6,126,54.1,7.14,0
11,6.5,6,103,64.5,2.64,0
5,1.06,8,93,51.1,11.02,1
22,1.85,8,146,38.7,9.88,1
3,3.11,4,67,64.9,5.39,0
22,6.17,8,156,36.9,3.16,0
10,6.92,4,87,62.9,3.14,0
23,4.71,4,121,55.2,6.43,0
16,4.74,6,117,48.0,4.12,0
5,7.38,8,101,50.9,1.71,0
23,0.65,8,146,42.1,28.06,2
4,3.74,4,78,61.0,5.21,0
19,8.28,4,122,51.1,3.68,0
1,6.23,2,46,57.2,3.69,0
5,3.7,2,46,63.7,6.21,0
21,9.1,4,120,48.0,3.3,0
10,7.84,2,75,57.3,4.78,0
15,3.02,2,68,48.7,11.27,1
15,6.63,4,113,42.3,4.26,0
0,6.16,4,34,65.0,1.38,0
8,4.31,8,115,50.7,3.33,0
5,3.99,4,81,57.6,5.08,0
15,3.76,4,95,53.1,6.31,0
2,6.36,6,72,66.0,1.89,0
19,4.7,8,147,47.2,3.91,0
3,8.4,8,111,53.0,1.65,0
18,6.86,8,135,46.9,2.46,0
2,1.16,6,66,59.2,9.45,1
18,6.58,4,101,51.1,3.84,0
19,3.08,8,125,40.2,5.08,0
6,6.13,8,110,51.2,2.24,0
19,6.96,2,87,62.2,6.25,0
8,2.69,8,105,60.5,4.87,0
0,4.84,4,61,63.5,3.15,0
7,2.31,4,69,65.2,7.47,0
6,1.0,2,61,50.5,30.59,2
17,4.1,8,124,46.8,3.78,0
7,3.95,8,114,49.2,3.61,0
0,9.96,8,87,65.7,1.09,0
10,4.74,6,97,57.7,3.41,0
17,3.67,8,136,48.5,4.63,0
22,6.01,4,105,56.0,4.36,0
9,1.34,4,80,60.2,14.89,1
2,9.64,6,72,69.7,1.25,0
6,6.53,6,73,50.2,1.86,0
15,7.67,8,122,50.2,1.99,0
15,2.12,2,79,65.9,18.64,2
19,4.39,6,118,41.0,4.48,0
16,4.52,6,91,61.4,3.36,0
1,8.31,8,97,51.9,1.46,0
0,0.51,8,82,60.0,20.03,2
15,3.36,6,90,53.6,4.47,0
11,9.82,2,90,62.3,4.58,0
4,5.01,6,92,55.6,3.06,0
4,4.13,8,92,61.2,2.78,0
22,1.64,8,141,46.9,10.76,1
8,9.75,6,96,52.0,1.64,0
8,0.69,2,62,67.0,44.91,2
2,7.5,6,79,56.9,1.75,0
18,7.8,6,113,52.1,2.41,0
15,2.81,8,139,43.7,6.17,0
15,6.88,2,76,65.5,5.52,0
2,1.38,4,64,66.7,11.57,1
19,2.94,2,85,58.6,14.45,1
23,7.99,6,163,35.8,3.4,0
21,8.71,6,137,39.4,2.62,0
23,6.28,6,165,39.4,4.38,0
0,5.31,2,44,65.8,4.14,0
23,2.01,8,147,33.9,9.13,1
19,1.1,6,133,40.1,20.16,2
10,1.62,6,107,61.4,11.02,1
16,2.66,2,87,55.0,16.35,2
7,3.75,4,79,65.7,5.27,0
3,4.12,4,68,61.2,4.13,0
5,3.79,8,89,63.9,2.94,0
7,2.77,8,94,62.3,4.24,0
19,5.34,6,117,46.6,3.65,0
2,8.34,2,43,59.3,2.58,0
15,3.16,6,110,43.0,5.81,0
2,9.45,8,80,56.0,1.06,0
17,8.8,2,94,65.9,5.34,0
13,2.04,2,77,58.7,18.9,2
17,7.97,8,136,46.7,2.13,0
1,5.96,4,52,73.5,2.18,0
21,5.88,4,111,52.8,4.72,0
2,4.21,2,33,72.1,3.91,0
15,5.26,6,122,52.6,3.86,0
8,4.27,4,68,64.4,3.98,0
3,5.63,6,79,59.8,2.34,0
0,6.47,4,68,59.4,2.63,0
3,6.91,4,57,66.1,2.06,0
0,5.56,6,77,66.2,2.31,0
13,7.35,8,128,56.9,2.18,0
20,1.84,4,115,52.7,15.61,2
15,2.51,4,101,58.5,10.04,1
19,8.28,6,124,50.3,2.5,0
23,3.56,8,153,41.3,5.37,0
7,0.72,4,67,65.8,23.35,2
6,1.96,4,70,68.4,8.92,1
2,2.62,8,84,54.6,4.0,0
16,9.59,4,110,45.2,2.87,0
0,5.94,8,67,60.6,1.41,0
15,9.36,8,133,47.8,1.78,0
11,5.96,6,104,58.3,2.91,0
18,5.05,2,92,52.1,9.1,1
21,3.48,8,157,28.3,5.64,0
22,6.26,6,131,44.7,3.49,0
21,1.82,2,101,53.8,27.71,2
13,9.03,4,73,55.9,2.02,0
5,8.38,2,46,64.7,2.75,0
5,3.52,8,107,57.6,3.8,0
12,9.55,8,106,53.9,1.39,0
18,8.34,8,139,47.0,2.08,0
21,6.83,8,140,43.2,2.56,0
7,1.66,8,103,50.5,7.77,0
1,5.04,6,64,62.2,2.12,0
20,5.31,8,131,49.7,3.08,0
0,2.71,6,71,54.8,4.37,0
14,1.26,4,93,65.0,18.46,2
0,7.88,8,90,60.4,1.43,0
4,1.66,8,103,51.6,7.76,0
15,6.15,2,93,60.8,7.57,0
18,9.4,4,107,59.4,2.85,0
3,8.82,8,105,52.1,1.49,0
2,3.14,8,80,58.9,3.19,0
16,8.59,4,109,60.2,3.17,0
16,0.5,6,120,60.6,39.75,2
11,0.67,8,119,50.4,22.27,2
13,6.22,2,79,54.5,6.35,0
20,3.97,8,134,44.1,4.22,0
5,4.17,2,39,75.4,4.67,0
2,5.86,2,59,60.1,5.03,0
8,2.32,8,106,52.5,5.71,0
4,2.51,8,94,58.0,4.68,0
23,5.1,2,93,52.1,9.11,1
16,7.67,4,85,64.2,2.77,0
13,6.39,4,90,61.0,3.52,0
20,3.32,8,140,55.0,5.26,0
2,4.59,6,74,65.4,2.69,0
0,2.12,4,52,62.2,6.13,0
19,1.21,8,165,41.4,17.06,2
20,7.94,4,108,57.9,3.4,0
22,3.02,6,149,47.9,8.22,1
0,2.19,8,100,51.1,5.71,0
2,7.07,6,81,55.3,1.91,0
17,6.37,8,132,41.3,2.59,0
9,6.52,6,81,67.8,2.07,0
21,2.67,4,119,53.4,11.12,1
2,2.71,4,68,58.9,6.27,0
7,2.6,6,106,54.1,6.8,0
13,2.15,6,97,55.1,7.52,0
23,6.73,6,134,41.6,3.32,0
17,8.56,8,125,48.9,1.83,0
14,7.38,4,87,59.2,2.95,0
21,8.02,8,153,51.4,2.38,0
22,4.35,4,111,49.0,6.39,0
1,6.71,2,30,64.0,2.23,0
9,3.87,8,118,45.3,3.82,0
1,5.49,4,59,60.8,2.69,0
16,5.08,4,103,52.1,5.07,0
7,2.18,8,98,50.3,5.62,0
0,4.18,8,96,60.1,2.87,0
8,9.66,4,76,55.4,1.97,0
10,2.86,8,137,45.9,5.98,0
21,1.77,6,132,57.0,12.42,1
15,4.48,8,105,56.5,2.93,0
6,8.01,8,78,62.8,1.22,0
9,6.03,8,117,60.0,2.43,0
22,6.97,4,131,53.5,4.7,0
2,2.3,6,66,66.3,4.78,0
17,6.38,2,108,51.4,8.46,1
23,3.57,2,121,49.6,16.93,2
12,8.43,6,106,53.1,2.1,0
6,6.48,6,91,55.2,2.34,0
3,2.39,6,85,59.8,5.93,0
12,1.11,4,106,55.3,23.79,2
19,0.91,2,99,49.0,54.7,2
0,4.03,6,69,70.9,2.85,0
7,3.03,4,79,62.3,6.53,0
13,6.64,2,80,58.7,6.03,0
15,5.24,8,138,46.6,3.29,0
13,3.03,4,75,65.9,6.19,0
11,1.92,2,72,54.7,18.77,2
18,1.71,4,110,52.0,16.1,2
22,8.71,2,101,48.8,5.8,0
14,2.81,2,85,72.0,15.11,2
1,6.69,8,106,54.2,1.98,0
1,8.2,4,56,60.1,1.71,0
22,6.33,6,140,63.0,3.68,0
21,8.67,8,163,36.6,2.35,0
18,4.23,8,139,44.2,4.11,0
21,9.58,2,90,56.8,4.7,0
21,1.76,6,137,41.5,12.94,1
16,1.47,4,77,62.0,13.09,1
19,6.76,6,102,43.4,2.52,0
9,9.46,6,98,60.9,1.73,0
5,8.18,6,59,59.6,1.2,0
14,1.23,6,96,53.9,13.05,1
21,3.15,6,127,52.0,6.71,0
10,9.34,2,58,64.5,3.11,0
4,2.9,2,46,67.7,7.92,0
0,7.92,8,95,51.2,1.5,0
7,8.34,2,59,75.7,3.54,0
20,5.21,8,135,48.9,3.24,0
11,4.17,8,130,42.1,3.9,0
11,4.78,4,70,63.4,3.66,0
4,2.66,6,82,53.7,5.15,0
6,8.95,2,38,79.1,2.12,0
3,4.78,4,63,65.2,3.29,0
5,8.88,2,47,63.4,2.65,0
12,1.5,8,130,51.0,10.8,1
19,9.89,2,100,53.6,5.06,0
14,4.71,6,104,47.6,3.68,0
2,0.95,8,82,61.4,10.74,1
22,0.86,8,146,45.3,21.19,2
7,7.59,4,91,62.9,3.0,0
19,6.76,6,141,45.1,3.48,0
15,8.12,8,119,50.8,1.83,0
12,1.5,6,112,52.8,12.44,1
17,0.84,2,69,70.7,41.17,2
9,5.33,6,90,55.9,2.81,0
18,4.18,8,128,50.3,3.83,0
16,4.89,4,110,55.6,5.63,0
23,9.92,8,140,46.7,1.76,0
18,9.72,6,126,46.8,2.16,0
22,9.45,6,134,47.1,2.36,0
4,7.95,8,94,56.0,1.48,0
20,3.87,6,144,53.8,6.2,0
22,4.42,2,119,48.0,13.48,1
8,5.72,8,106,48.9,2.32,0
11,8.39,4,81,59.7,2.41,0
20,1.15,8,128,47.6,13.88,1
0,4.53,2,35,72.2,3.86,0
0,1.28,2,55,64.0,21.4,2
14,5.39,2,76,61.6,7.05,0
1,9.04,2,46,69.1,2.54,0
21,7.93,2,85,63.3,5.36,0
15,2.66,4,92,57.5,8.63,1
7,9.77,6,93,57.3,1.59,0
12,6.84,2,73,64.3,5.34,0
20,0.6,2,104,58.3,86.8,2
0,2.93,8,77,55.8,3.29,0
15,2.98,4,79,54.0,6.63,0
6,1.16,4,81,68.2,17.49,2
4,9.62,6,70,66.0,1.21,0
21,5.04,4,120,48.9,5.95,0
22,9.01,8,154,41.6,2.14,0
2,3.56,8,73,59.8,2.56,0
11,1.69,6,111,53.3,10.95,1
15,5.01,8,123,44.4,3.07,0
18,1.58,2,90,61.7,28.43,2
4,5.12,2,44,69.9,4.3,0
21,9.24,8,163,40.3,2.2,0
13,5.45,6,120,45.5,3.67,0
4,6.36,4,45,71.4,1.77,0
14,1.99,6,132,42.6,11.07,1
16,0.92,4,93,53.3,25.4,2
13,1.55,8,144,44.4,11.59,1
19,6.19,8,138,58.0,2.79,0
4,1.4,2,44,69.9,15.69,2
11,4.07,4,82,46.7,5.03,0
15,5.73,6,108,49.8,3.14,0
15,4.19,8,154,44.9,4.59,0
20,2.05,6,127,42.6,10.3,1
6,3.1,2,50,71.7,8.06,1
3,9.32,4,61,65.5,1.64,0
0,6.92,4,42,74.5,1.52,0
4,5.21,8,111,49.5,2.66,0
22,0.62,4,103,51.1,41.48,2
9,9.93,8,104,56.8,1.31,0
21,6.88,2,108,53.0,7.85,0
4,3.51,4,64,63.7,4.56,0
3,8.85,8,98,63.3,1.38,0
1,2.96,6,86,61.5,4.85,0
19,5.67,8,151,32.3,3.33,0
9,6.54,4,80,64.0,3.06,0
18,2.6,2,110,56.0,21.15,2
0,9.79,4,45,74.7,1.15,0
23,7.61,4,119,45.6,3.91,0
4,5.8,8,95,57.9,2.05,0
12,2.22,6,102,55.1,7.67,0
3,1.01,4,50,62.7,12.36,1
15,3.54,6,97,60.5,4.57,0
23,7.66,8,157,39.5,2.56,0
15,3.06,6,106,59.3,5.78,0
22,5.63,8,169,34.0,3.76,0
1,7.42,2,38,63.2,2.56,0
16,1.53,6,113,50.5,12.35,1
19,7.01,6,135,47.4,3.21,0
23,1.37,2,109,50.1,39.7,2
11,9.67,6,99,39.9,1.71,0
17,5.14,2,80,61.9,7.78,0
2,1.93,4,94,58.4,12.17,1
0,3.75,8,87,61.7,2.9,0
0,4.43,2,46,66.6,5.19,0
18,7.7,6,111,50.1,2.4,0
10,7.56,2,60,72.2,3.97,0
4,6.31,6,101,46.9,2.67,0
11,1.51,4,98,54.3,16.26,2
2,1.94,2,46,69.2,11.86,1
0,1.39,4,48,71.0,8.63,1
0,5.98,8,81,60.6,1.69,0
7,8.83,6,82,54.9,1.55,0
9,4.62,6,83,65.1,2.99,0
10,2.03,4,91,57.3,11.22,1
11,5.8,8,122,41.2,2.63,0
12,8.21,2,79,61.3,4.81,0
11,7.55,2,65,66.1,4.31,0
13,8.87,6,109,62.6,2.05,0
1,3.14,4,50,69.5,3.98,0
18,2.34,4,98,48.1,10.46,1
17,8.86,2,103,47.0,5.81,0
2,6.75,8,91,63.5,1.69,0
22,3.45,8,155,37.2,5.61,0
16,7.55,2,92,49.3,6.09,0
7,8.24,2,58,70.5,3.52,0
9,6.34,4,81,57.4,3.19,0
1,7.03,8,76,65.7,1.35,0
18,4.06,2,81,55.2,9.96,1
8,5.62,2,50,74.9,4.45,0
6,5.48,6,92,61.4,2.8,0
3,8.56,2,45,65.1,2.63,0
20,8.48,2,87,49.9,5.13,0
17,8.41,8,140,56.5,2.08,0
12,0.6,4,93,55.7,38.44,2
10,7.62,8,107,49.4,1.76,0
23,7.71,4,120,56.9,3.89,0
3,6.94,6,82,64.2,1.97,0
20,7.68,2,87,64.2,5.66,0
3,8.5,6,82,59.0,1.61,0
9,4.97,4,82,68.9,4.13,0
4,5.27,8,86,51.9,2.04,0
8,1.68,8,110,49.7,8.16,1
23,4.16,6,140,46.9,5.61,0
2,6.61,4,51,73.1,1.93,0
16,7.91,6,110,55.8,2.32,0
2,2.56,6,63,63.8,4.1,0
15,1.81,2,76,58.6,21.0,2
3,6.8,6,76,66.9,1.86,0
17,0.52,2,81,63.6,78.21,2
16,2.19,2,69,58.4,15.72,2
6,0.78,8,95,51.7,15.3,2
23,2.09,2,100,52.3,23.98,2
22,2.22,2,110,49.1,24.75,2
4,4.18,8,101,59.9,3.02,0
11,4.32,6,109,54.9,4.2,0
16,8.81,4,92,59.8,2.61,0
22,5.35,4,119,51.2,5.56,0
12,7.37,4,63,65.4,2.14,0
22,1.49,6,138,37.6,15.44,2
2,2.64,2,48,72.0,9.09,1
8,7.18,4,72,59.2,2.51,0
16,1.0,6,118,50.3,19.63,2
16,5.12,2,68,60.6,6.64,0
19,6.19,8,132,47.7,2.66,0
15,6.22,4,104,56.9,4.18,0
21,0.72,2,104,49.0,72.44,2
12,3.56,4,83,60.5,5.83,0
18,6.55,4,114,49.3,4.35,0
16,1.92,4,101,61.4,13.18,1
3,7.11,2,39,64.7,2.74,0
11,7.59,6,99,50.2,2.17,0
8,9.83,2,55,64.5,2.8,0
18,2.49,4,94,51.9,9.42,1
11,8.34,2,81,58.6,4.86,0
8,5.44,8,102,51.9,2.34,0
6,4.05,6,77,61.2,3.17,0
13,1.66,2,59,70.3,17.74,2
19,7.49,8,114,51.9,1.9,0
18,2.74,6,129,48.6,7.84,0
14,4.03,8,133,41.5,4.13,0
15,1.09,6,124,48.3,18.89,2
20,8.11,2,94,54.4,5.79,0
4,7.78,8,92,60.4,1.48,0
2,7.47,4,52,63.2,1.74,0
11,3.34,8,112,47.7,4.19,0
19,2.15,6,136,47.6,10.55,1
20,6.56,2,95,66.2,7.24,0
3,5.21,6,80,59.1,2.56,0
20,2.19,8,139,46.1,7.92,0
22,7.02,8,163,44.0,2.9,0
15,9.92,4,77,63.3,1.94,0
6,7.6,2,41,72.3,2.7,0
12,7.53,2,75,60.8,4.98,0
20,9.53,8,161,39.4,2.11,0
9,2.43,2,60,61.2,12.36,1
6,5.87,4,61,67.2,2.6,0
13,9.81,6,117,53.1,1.99,0
4,2.07,2,51,70.8,12.32,1
2,7.15,8,102,52.1,1.78,0
22,6.07,6,121,53.9,3.32,0
10,6.07,6,110,58.2,3.02,0
10,7.13,4,66,57.4,2.31,0
17,9.33,8,132,45.5,1.77,0
14,7.93,2,82,65.4,5.17,0
11,1.03,8,118,47.3,14.27,1
8,8.6,6,102,57.1,1.98,0
9,2.64,8,92,57.0,4.35,0
11,4.08,2,70,64.2,8.58,1
16,4.89,2,95,56.4,9.72,1
5,5.07,4,67,67.0,3.3,0
6,4.63,2,42,64.4,4.53,0
13,9.4,2,85,54.2,4.52,0
12,7.21,8,113,59.1,1.96,0
7,6.5,8,96,66.5,1.85,0
9,0.97,6,85,58.7,14.55,1
8,9.09,4,74,70.1,2.04,0
17,9.14,8,136,42.1,1.86,0
1,7.91,2,26,70.8,1.64,0
4,0.57,6,69,70.0,20.29,2
4,1.04,8,89,61.8,10.65,1
5,2.64,4,57,73.8,5.4,0
18,1.75,4,106,55.8,15.16,2
7,4.29,6,92,51.9,3.58,0
15,9.26,6,115,52.4,2.07,0
12,4.98,6,106,59.5,3.54,0
0,0.63,6,84,58.3,22.32,2
21,3.19,6,135,44.8,7.06,0
19,0.92,2,100,57.4,54.13,2
16,0.84,2,79,57.5,46.76,2
6,3.12,8,111,53.7,4.45,0
12,3.12,4,83,59.6,6.65,0
3,7.98,2,49,65.3,3.07,0
3,9.76,2,31,77.2,1.59,0
5,4.03,2,52,70.2,6.46,0
18,4.57,8,128,46.2,3.5,0
11,8.53,6,110,52.4,2.15,0
21,3.05,8,155,39.9,6.36,0
6,1.99,4,65,60.6,8.18,1
9,8.6,4,99,46.8,2.88,0
18,0.94,4,103,51.8,27.34,2
6,6.39,4,53,63.6,2.07,0
2,5.84,2,34,72.1,2.91,0
12,3.79,2,61,67.0,8.06,1
12,3.49,8,123,45.2,4.4,0
17,7.83,6,106,55.4,2.26,0
19,1.32,4,103,49.5,19.49,2
7,2.75,8,108,52.4,4.91,0
8,7.46,2,61,61.7,4.09,0
6,5.71,2,53,70.5,4.64,0
0,1.72,6,69,63.3,6.7,0
2,8.88,6,70,61.9,1.31,0
12,4.24,6,87,55.1,3.42,0
16,8.36,8,128,46.4,1.91,0
23,7.98,2,109,61.9,6.83,0
0,6.43,2,34,69.0,2.64,0
5,5.2,6,86,60.9,2.76,0
20,9.81,4,106,52.9,2.7,0
5,1.88,6,92,59.3,8.17,1
11,7.39,8,91,61.4,1.54,0
12,2.32,6,105,52.0,7.56,0
12,3.71,6,117,54.3,5.25,0
14,3.43,8,140,58.8,5.1,0
20,9.5,6,125,51.6,2.19,0
15,9.69,2,67,71.3,3.46,0
21,2.24,4,128,50.4,14.29,1
20,0.71,6,127,43.6,29.84,2
10,7.34,8,112,53.4,1.91,0
4,4.47,4,55,64.6,3.08,0
3,1.34,8,80,57.0,7.44,0
2,7.0,4,63,63.9,2.25,0
18,5.68,4,112,51.2,4.93,0
19,9.81,6,127,43.0,2.16,0
17,2.66,2,79,73.8,14.85,1
14,4.34,6,99,59.3,3.8,0
8,5.65,8,93,58.0,2.06,0
16,8.02,8,126,48.9,1.96,0
13,5.71,4,80,66.0,3.5,0
14,6.32,4,76,71.4,3.01,0
0,2.65,2,42,72.9,7.93,0
20,8.55,6,114,52.1,2.22,0
21,4.57,8,156,48.4,4.27,0
21,1.84,4,118,51.2,16.04,2
2,6.81,2,44,71.2,3.23,0
15,2.55,8,145,48.8,7.1,0
22,1.43,4,105,51.8,18.4,2
10,8.69,8,122,39.1,1.76,0
11,4.87,2,66,61.3,6.77,0
9,7.62,2,88,61.9,5.78,0
15,3.26,8,125,52.3,4.79,0
7,7.98,6,83,66.0,1.73,0
5,1.56,8,103,52.3,8.24,1
11,3.88,4,82,67.4,5.28,0
23,9.79,6,129,48.7,2.2,0
20,8.04,4,102,57.5,3.17,0
7,5.22,8,119,54.8,2.85,0
3,3.73,6,65,56.8,2.91,0
7,8.79,4,75,56.2,2.13,0
17,5.68,8,145,38.6,3.19,0
4,7.71,8,107,58.6,1.74,0
8,7.66,6,85,57.2,1.85,0
3,0.67,8,90,67.6,16.78,2
21,1.7,2,94,56.5,27.66,2
16,6.77,4,84,51.6,3.1,0
8,2.04,4,81,56.4,9.95,1
0,2.93,8,84,59.6,3.59,0
20,9.49,8,158,43.1,2.08,0
19,5.82,2,84,54.1,7.21,0
12,7.63,6,114,54.3,2.49,0
15,5.8,8,140,49.2,3.02,0
12,5.75,8,120,46.8,2.61,0
13,1.39,8,101,64.6,9.05,1
2,3.76,8,84,56.3,2.79,0
5,3.18,4,84,54.0,6.6,0
17,4.21,8,137,38.1,4.07,0
18,8.08,4,112,58.1,3.46,0
4,4.03,8,95,56.4,2.94,0
14,4.79,6,107,50.9,3.72,0
1,4.28,2,20,67.6,2.34,0
9,1.39,6,102,52.6,12.25,1
23,4.69,8,163,51.2,4.34,0
17,2.36,8,125,38.0,6.63,0
12,2.27,8,118,47.3,6.49,0
4,1.39,6,76,70.0,9.09,1
22,3.89,8,154,47.7,4.95,0
23,7.7,6,131,44.4,2.84,0
0,3.13,4,61,65.8,4.88,0
21,3.47,2,99,57.6,14.28,1
0,6.61,2,10,78.2,0.76,0
17,2.36,6,123,58.2,8.68,1
14,9.02,4,103,55.9,2.85,0
16,5.44,6,104,59.7,3.19,0
10,4.75,4,86,59.4,4.52,0
20,5.8,8,162,29.3,3.49,0
21,2.08,4,116,45.0,13.96,1
16,6.33,4,111,47.3,4.39,0
12,3.95,4,83,58.0,5.25,0
0,9.02,2,35,81.6,1.94,0
1,2.1,4,52,68.8,6.18,0
8,5.32,8,104,53.5,2.44,0
2,6.18,8,88,64.2,1.78,0
0,0.82,8,67,56.0,10.25,1
20,3.96,4,108,50.6,6.83,0
15,7.46,6,126,45.3,2.82,0
22,8.29,6,124,51.0,2.49,0
5,3.48,8,88,62.5,3.17,0
16,8.09,2,84,61.4,5.19,0
4,9.69,6,81,62.2,1.39,0
4,8.64,4,67,61.4,1.94,0
5,1.62,6,81,61.4,8.35,1
2,7.53,8,90,53.3,1.49,0
20,3.54,2,92,60.4,13.01,1
22,9.89,6,121,47.2,2.04,0
4,5.11,6,79,54.6,2.58,0
20,1.66,8,151,42.4,11.35,1
4,7.39,2,53,57.2,3.59,0
9,3.57,2,45,76.1,6.3,0
9,9.97,8,113,55.7,1.42,0
18,9.81,4,97,57.4,2.47,0
16,6.73,6,129,39.6,3.19,0
20,1.73,4,115,47.7,16.59,2
13,7.03,6,115,51.5,2.73,0
8,1.38,6,92,55.7,11.08,1
13,0.78,4,90,49.1,28.88,2
0,8.32,8,98,48.9,1.47,0
18,2.49,8,147,41.8,7.37,0
12,4.1,6,105,47.3,4.27,0
12,9.75,8,118,57.4,1.51,0
3,3.7,6,59,67.7,2.66,0
0,3.32,8,87,54.2,3.28,0
16,9.22,6,114,57.3,2.06,0
7,1.55,8,110,57.3,8.86,1
1,7.72,2,47,69.7,3.05,0
7,9.89,4,85,58.6,2.15,0
6,9.06,2,57,64.3,3.14,0
1,6.69,4,44,66.3,1.64,0
21,3.48,4,93,50.1,6.67,0
21,2.92,6,122,57.1,6.97,0
2,8.28,4,71,59.6,2.14,0
17,8.86,2,105,53.9,5.93,0
11,5.49,2,66,58.9,6.01,0
0,2.82,8,69,61.5,3.06,0
21,1.57,2,92,71.3,29.24,2
11,1.33,8,128,44.4,12.05,1
4,7.33,4,58,72.7,1.98,0
16,4.49,2,89,57.6,9.91,1
15,9.1,4,98,58.9,2.69,0
14,7.53,2,85,65.0,5.65,0
22,2.32,2,120,51.4,25.9,2
14,6.33,8,131,45.5,2.59,0
4,4.64,4,65,62.8,3.5,0
20,5.98,2,115,50.5,9.61,1
13,7.51,6,110,61.8,2.44,0
1,8.16,4,47,60.8,1.44,0
10,8.52,4,88,49.1,2.58,0
18,2.91,4,110,44.0,9.44,1
6,0.8,8,98,51.0,15.4,2
5,7.52,6,77,64.3,1.71,0
1,1.51,4,52,70.8,8.61,1
5,3.49,2,45,65.7,6.44,0
17,0.54,2,84,58.9,78.32,2
1,6.98,8,78,54.9,1.4,0
17,2.09,2,90,52.4,21.55,2
14,6.73,4,97,58.6,3.61,0
18,9.92,2,93,62.0,4.69,0
1,1.19,4,54,64.1,11.34,1
19,1.23,2,91,65.4,36.92,2
5,3.73,6,97,60.6,4.33,0
0,8.73,8,84,67.0,1.2,0
23,2.55,8,165,37.2,8.1,1
14,3.92,6,100,62.6,4.25,0
22,1.15,6,139,56.1,20.13,2
9,7.75,8,103,52.2,1.66,0
18,4.38,6,116,50.2,4.42,0
16,7.71,4,95,51.5,3.08,0
4,9.08,2,43,63.5,2.37,0
3,2.71,8,88,52.3,4.06,0
9,8.17,6,107,49.2,2.18,0
23,1.06,4,121,51.1,28.5,2
16,9.04,8,134,42.7,1.85,0
9,6.68,6,90,58.7,2.24,0
16,8.81,8,140,46.3,1.99,0
19,0.5,6,128,45.6,42.51,2
23,2.11,8,149,42.4,8.84,1
4,4.2,4,48,65.4,2.86,0
1,4.11,4,57,64.2,3.47,0
5,2.65,2,56,62.0,10.55,1
20,4.13,8,134,46.9,4.06,0
1,1.72,2,36,68.0,10.44,1
12,4.42,8,125,42.9,3.53,0
10,8.12,6,82,62.5,1.68,0
10,5.05,6,91,60.4,3.0,0
15,0.67,2,84,64.6,62.59,2
10,4.5,8,125,43.6,3.47,0
18,0.76,2,111,49.8,73.2,2
14,9.68,4,113,52.9,2.92,0
22,1.71,2,103,51.7,30.1,2
22,7.22,2,97,58.6,6.71,0
15,9.74,6,122,52.0,2.09,0
10,8.35,2,60,67.4,3.59,0
21,7.14,8,139,52.5,2.43,0
15,8.47,6,109,56.0,2.14,0
7,9.83,2,52,67.8,2.65,0
3,6.4,4,65,62.8,2.54,0
7,5.81,2,50,66.9,4.3,0
3,6.47,2,45,63.4,3.48,0
23,5.56,2,120,41.2,10.79,1
2,6.53,6,75,63.6,1.91,0
2,4.77,8,105,59.9,2.75,0
17,2.58,4,115,49.6,11.16,1
18,1.64,2,95,64.2,28.92,2
18,1.15,8,134,45.6,14.57,1
20,3.0,8,154,31.7,6.41,0
4,0.94,6,77,65.3,13.68,1
17,5.89,4,102,52.1,4.33,0
9,3.2,6,98,60.5,5.11,0
21,8.33,8,146,37.1,2.19,0
20,1.21,8,136,48.1,14.1,1
5,2.65,8,83,55.2,3.91,0
0,7.44,6,77,61.8,1.73,0
4,6.19,4,69,66.6,2.79,0
8,1.11,2,42,72.2,18.87,2
11,8.83,6,93,57.1,1.75,0
13,8.83,8,124,42.1,1.75,0
1,3.64,6,75,64.9,3.44,0
16,3.73,8,116,56.2,3.88,0
13,9.9,2,74,56.3,3.74,0
12,6.45,2,77,56.3,5.97,0
8,5.55,4,72,67.4,3.24,0
14,8.46,8,128,47.0,1.89,0
21,3.21,4,110,48.1,8.57,1
14,4.58,4,103,55.6,5.63,0
23,3.04,2,97,52.6,15.93,2
10,8.0,6,86,59.3,1.79,0
15,5.95,6,113,49.7,3.17,0
16,6.76,4,85,57.1,3.14,0
3,2.9,2,23,79.8,3.97,0
0,2.59,8,94,44.2,4.53,0
7,5.14,6,79,63.0,2.56,0
16,7.51,4,86,63.2,2.86,0
2,5.49,6,65,60.6,1.97,0
19,0.81,6,116,55.7,23.86,2
14,8.75,8,124,44.2,1.77,0
14,1.11,2,67,60.0,30.06,2
23,9.58,8,157,36.9,2.05,0
21,0.74,2,105,58.5,71.06,2
13,7.1,6,94,47.8,2.21,0
22,1.28,4,111,60.5,21.66,2
13,9.15,8,117,49.2,1.6,0
23,4.91,2,103,57.3,10.48,1
1,1.81,6,81,62.4,7.47,0
12,3.74,2,83,60.0,11.1,1
13,2.07,2,99,52.2,23.96,2
23,2.12,2,82,65.7,19.33,2
18,9.51,6,112,49.4,1.96,0
6,4.73,4,88,54.3,4.65,0
2,7.99,4,39,74.6,1.22,0
14,6.58,4,111,53.0,4.22,0
22,6.93,2,103,61.0,7.44,0
13,1.75,6,108,52.7,10.28,1
10,2.72,2,53,63.5,9.73,1
14,7.97,4,89,59.1,2.79,0
12,9.72,4,105,51.5,2.7,0
17,3.0,6,118,47.4,6.57,0
5,3.08,2,46,72.7,7.47,0
2,4.99,8,94,65.7,2.35,0
18,9.85,8,136,44.8,1.73,0
14,3.06,4,97,50.9,7.94,0
22,4.37,6,125,48.0,4.77,0
4,8.97,2,47,70.8,2.62,0
9,0.53,2,56,67.3,53.06,2
6,0.88,4,51,73.2,14.53,1
16,6.24,4,104,57.3,4.17,0
6,9.12,2,41,64.2,2.25,0
21,2.77,2,97,53.3,17.51,2
11,4.96,4,94,49.6,4.74,0
16,4.78,2,69,68.5,7.22,0
12,4.99,8,126,38.5,3.15,0
19,6.41,4,106,47.1,4.13,0
3,4.96,2,35,68.7,3.53,0
9,4.75,4,99,58.1,5.21,0
2,5.01,6,73,59.1,2.43,0
8,6.11,4,70,60.7,2.86,0
12,5.6,4,80,58.3,3.57,0
17,8.61,6,127,49.1,2.46,0
14,0.97,8,119,44.1,15.33,2
3,8.42,2,52,62.3,3.09,0
14,8.52,6,109,61.2,2.13,0
21,3.21,4,126,50.5,9.82,1
1,4.9,2,28,76.8,2.86,0
14,4.67,6,100,55.3,3.57,0
7,2.58,2,54,65.8,10.48,1
7,4.27,2,55,68.5,6.44,0
16,0.92,6,112,55.6,20.25,2
11,3.14,2,95,60.5,15.13,2
18,8.26,8,158,39.9,2.39,0
9,3.2,6,97,60.5,5.05,0
8,8.27,8,112,39.7,1.69,0
4,5.55,4,61,69.2,2.75,0
5,8.86,2,40,67.9,2.26,0
19,5.96,4,107,56.0,4.49,0
1,0.78,4,62,61.3,19.82,2
23,6.92,2,118,43.9,8.53,1
12,0.93,6,113,53.4,20.34,2
5,4.78,2,35,63.7,3.66,0
4,9.33,4,61,62.8,1.63,0
0,2.07,4,37,66.7,4.47,0
20,4.2,6,139,44.4,5.51,0
21,7.43,2,94,60.5,6.32,0
20,8.88,4,111,49.8,3.12,0
5,6.87,8,103,55.8,1.87,0
5,2.95,4,94,60.2,7.96,0
22,6.91,4,120,47.0,4.34,0
15,3.32,6,110,49.5,5.52,0
3,7.33,8,80,66.8,1.37,0
10,9.56,4,96,55.6,2.51,0
23,7.35,4,119,52.8,4.05,0
22,8.7,8,166,41.0,2.39,0
8,0.52,2,71,56.3,68.27,2
22,7.32,2,97,51.9,6.63,0
2,8.38,4,44,70.9,1.31,0
18,0.89,4,108,42.7,30.5,2
7,8.78,2,50,66.4,2.85,0
4,2.94,6,80,55.7,4.54,0
3,6.82,8,103,59.8,1.89,0
23,8.1,8,136,47.7,2.1,0
5,6.8,6,85,64.7,2.08,0
1,1.38,6,78,60.3,9.44,1
19,6.17,6,133,46.2,3.6,0
10,5.72,6,84,57.5,2.45,0
3,9.05,6,81,57.2,1.49,0
14,4.34,6,122,62.9,4.68,0
5,3.55,8,102,58.5,3.59,0
21,7.62,6,129,42.4,2.82,0
16,4.42,2,95,69.4,10.75,1
23,6.64,6,130,45.5,3.26,0
5,6.64,6,67,64.9,1.68,0
18,8.94,8,135,50.9,1.89,0
1,6.19,8,92,49.3,1.86,0
14,5.27,6,120,45.9,3.79,0
10,1.82,8,119,58.5,8.18,1
7,1.6,4,81,58.6,12.66,1
18,1.97,8,148,48.0,9.41,1
12,2.13,8,116,48.7,6.8,0
11,6.56,8,115,50.8,2.19,0
4,7.54,8,108,61.9,1.79,0
5,5.53,2,38,72.7,3.43,0
21,8.38,2,103,52.5,6.15,0
3,9.92,2,37,67.3,1.87,0
18,8.29,6,133,43.8,2.67,0
19,7.1,6,124,55.2,2.91,0
0,5.56,4,52,70.8,2.34,0
19,4.76,2,110,46.8,11.54,1
16,1.3,6,105,54.2,13.44,1
11,4.29,8,119,49.9,3.46,0
14,9.15,8,124,50.6,1.69,0
0,8.18,2,41,66.7,2.51,0
13,2.55,4,110,58.0,10.77,1
5,4.93,4,60,65.0,3.04,0
4,8.26,8,84,60.9,1.27,0
10,1.14,4,73,57.8,16.01,2
3,4.18,2,42,65.8,5.02,0
12,8.59,8,120,63.3,1.75,0
10,4.34,6,99,64.3,3.8,0
2,1.24,6,92,56.7,12.39,1
0,5.65,4,68,70.7,3.01,0
5,8.69,8,112,58.1,1.61,0
17,6.11,8,160,36.9,3.27,0
23,2.65,6,145,40.1,9.12,1
9,4.15,8,122,52.8,3.67,0
4,4.78,8,104,55.3,2.72,0
22,6.0,8,156,39.0,3.25,0
9,7.71,4,82,63.1,2.66,0
11,1.44,8,113,44.5,9.81,1
1,8.95,2,26,74.1,1.45,0
12,0.62,4,86,52.3,34.85,2
7,4.02,8,110,46.5,3.42,0
1,0.76,8,87,54.7,14.3,1
19,4.23,2,82,61.3,9.69,1
0,5.5,4,50,64.1,2.27,0
4,5.36,6,77,54.7,2.39,0
8,2.07,6,91,59.6,7.31,0
16,6.63,4,104,61.5,3.92,0
8,0.93,8,115,54.4,15.53,2
10,7.74,8,108,62.0,1.74,0
14,9.49,6,119,57.3,2.09,0
23,3.73,6,148,40.6,6.62,0
5,5.41,6,86,61.7,2.65,0
22,4.1,2,108,52.5,13.17,1
2,0.56,6,83,64.6,24.54,2
16,4.17,2,73,61.3,8.76,1
4,8.02,4,74,57.6,2.31,0
11,6.16,8,109,59.6,2.21,0
17,1.46,6,112,53.6,12.77,1
13,8.55,8,124,45.7,1.81,0
20,5.55,8,122,47.0,2.75,0
23,8.5,6,138,42.2,2.71,0
10,6.01,6,107,48.2,2.97,0
8,5.82,4,59,62.9,2.54,0
1,1.5,2,49,69.6,16.33,2
11,2.09,2,62,64.8,14.83,1
2,9.73,8,92,54.8,1.18,0
2,2.67,6,68,70.5,4.24,0
0,9.79,4,57,55.7,1.46,0
7,5.55,4,83,60.8,3.74,0
21,1.79,4,121,49.0,16.9,2
7,1.44,4,72,57.1,12.47,1
10,2.48,4,77,62.6,7.75,0
8,9.29,2,59,64.2,3.17,0
4,4.43,2,54,72.7,6.09,0
13,4.26,2,81,64.1,9.51,1
2,3.48,6,79,69.8,3.79,0
20,1.9,8,131,44.8,8.63,1
4,5.13,4,63,71.2,3.07,0
4,1.74,6,73,55.9,7.01,0
18,8.44,4,112,51.4,3.32,0
13,4.02,2,67,60.9,8.34,1
3,4.06,6,81,62.8,3.32,0
12,5.0,2,69,65.6,6.9,0
9,4.72,4,60,60.5,3.18,0
17,9.95,4,112,55.3,2.81,0
7,5.68,8,104,52.1,2.29,0
7,1.34,4,85,54.7,15.88,2
6,6.27,2,37,70.7,2.95,0
7,1.94,4,70,55.1,9.02,1
13,0.79,8,120,54.7,18.89,2
18,9.72,8,140,44.7,1.8,0
5,7.85,2,37,70.6,2.36,0
0,9.81,6,73,61.3,1.24,0
22,5.04,4,137,54.0,6.8,0
14,5.56,8,130,55.1,2.92,0
0,2.1,4,52,73.8,6.19,0
16,2.85,4,86,58.1,7.56,0
0,8.47,6,60,59.4,1.18,0
14,3.88,8,125,48.7,4.02,0
22,8.35,4,112,53.6,3.35,0
1,7.24,8,97,59.8,1.68,0
13,2.18,2,80,61.6,18.32,2
20,5.32,2,122,44.4,11.46,1
7,6.94,4,63,61.6,2.27,0
7,2.73,8,105,50.6,4.8,0
18,8.39,4,92,59.7,2.74,0
6,5.68,8,79,63.1,1.74,0
18,2.07,8,145,47.2,8.76,1
5,6.04,6,87,59.8,2.4,0
5,10.0,6,74,51.2,1.23,0
2,1.93,6,74,52.9,6.39,0
6,8.26,4,63,63.5,1.91,0
18,2.47,6,117,51.2,7.9,0
7,7.93,6,85,65.0,1.79,0
9,7.48,2,54,66.9,3.61,0
19,3.35,8,133,41.9,4.96,0
14,3.6,8,119,53.6,4.14,0
14,8.03,6,114,51.4,2.37,0
0,4.88,8,56,64.0,1.43,0
19,7.44,2,90,49.4,6.05,0
6,1.91,2,43,69.7,11.28,1
3,8.6,6,66,64.6,1.28,0
5,7.25,2,45,63.8,3.1,0
0,9.12,8,83,63.0,1.14,0
4,1.76,4,61,68.0,8.68,1
22,6.13,8,139,45.5,2.83,0
0,6.19,4,59,65.3,2.38,0
3,3.86,6,67,68.0,2.89,0
21,4.86,4,107,55.1,5.51,0
1,0.86,2,41,66.2,23.81,2
9,7.59,8,114,50.5,1.88,0
4,5.72,4,57,68.5,2.49,0
9,1.05,8,81,49.6,9.66,1
0,6.97,6,59,60.6,1.41,0
21,4.93,6,132,50.4,4.46,0
5,0.83,2,57,71.8,34.45,2
12,9.71,6,103,59.4,1.77,0
14,9.52,4,89,62.2,2.34,0
3,5.37,6,99,55.9,3.07,0
12,1.39,2,68,57.9,24.46,2
23,7.67,8,159,39.3,2.59,0
19,5.17,8,127,38.3,3.07,0
23,3.37,6,126,55.0,6.23,0
14,5.17,4,100,50.9,4.84,0
7,5.46,2,67,60.6,6.13,0
4,5.85,4,60,70.3,2.57,0
14,4.69,2,59,57.2,6.29,0
3,6.25,6,75,55.3,2.0,0
11,9.23,2,70,63.8,3.79,0
12,3.94,2,72,64.6,9.13,1
1,7.39,6,65,63.4,1.47,0
18,9.0,4,104,53.8,2.89,0
18,4.83,6,114,57.8,3.93,0
3,4.71,2,33,74.9,3.5,0
3,6.22,6,84,61.5,2.25,0
10,6.12,2,66,67.4,5.39,0
4,8.16,6,78,59.0,1.59,0
19,5.03,8,135,57.1,3.36,0
10,9.96,8,112,40.5,1.41,0
9,1.06,6,96,63.3,15.02,2
7,0.53,4,90,62.0,42.45,2
5,6.58,2,57,67.0,4.33,0
5,3.34,8,92,57.4,3.45,0
7,2.78,4,66,62.7,5.93,0
22,3.46,2,93,62.3,13.43,1
14,2.93,8,123,49.1,5.24,0
13,0.79,8,114,47.9,17.98,2
10,9.73,6,102,59.0,1.75,0
11,2.6,2,42,77.4,8.09,1
12,7.47,4,93,47.1,3.11,0
7,7.74,4,75,73.0,2.42,0
17,9.33,4,115,46.1,3.08,0
0,0.79,2,44,64.2,27.84,2
14,8.78,4,87,52.0,2.48,0
7,5.51,4,80,60.0,3.63,0
10,6.51,4,80,53.6,3.07,0
11,6.62,6,81,54.0,2.04,0
11,8.29,6,102,51.1,2.05,0
3,3.67,2,38,71.2,5.18,0
15,7.46,2,81,60.9,5.43,0
3,5.52,4,77,67.0,3.49,0
4,8.04,6,82,65.6,1.7,0
23,9.91,8,142,49.6,1.79,0
4,2.41,8,105,52.4,5.45,0
7,9.95,4,76,51.8,1.91,0
9,1.35,4,67,53.9,12.38,1
16,0.52,6,99,60.3,31.61,2
8,0.92,6,82,63.7,14.86,1
21,3.75,6,139,42.2,6.18,0
18,6.51,2,86,51.3,6.6,0
13,1.16,2,75,56.0,32.45,2
7,0.55,4,59,66.1,26.63,2
8,9.4,2,68,63.9,3.62,0
21,8.31,6,110,57.7,2.21,0
10,8.19,6,91,55.0,1.85,0
22,8.9,2,106,52.3,5.95,0
0,7.15,8,72,67.6,1.26,0
13,1.49,4,97,45.1,16.26,2
4,4.29,8,87,59.8,2.53,0
20,7.37,4,99,53.6,3.36,0
13,3.16,8,135,49.8,5.33,0
3,7.03,2,46,71.1,3.27,0
21,0.73,4,120,46.5,40.94,2
22,3.41,4,128,45.5,9.39,1
0,5.72,4,25,62.2,1.09,0
21,6.5,6,137,49.5,3.51,0
22,5.98,6,126,49.7,3.51,0
18,7.13,8,131,54.2,2.3,0
7,0.56,2,61,62.8,54.67,2
14,1.46,6,106,58.1,12.11,1
20,8.75,4,117,45.4,3.34,0
14,6.98,6,109,39.2,2.6,0
8,1.57,2,61,64.3,19.39,2
20,8.5,6,123,46.4,2.41,0
8,2.8,4,65,58.5,5.8,0
9,5.04,8,103,58.7,2.55,0
19,1.88,4,107,59.3,14.23,1
20,7.25,2,114,52.0,7.87,0
8,6.84,8,122,48.6,2.23,0
2,2.51,6,67,63.6,4.46,0
19,8.7,6,125,45.5,2.39,0
10,4.31,6,95,59.1,3.67,0
5,3.28,8,100,47.3,3.81,0
1,1.95,4,57,60.4,7.32,0
6,3.03,8,107,49.3,4.42,0
17,0.71,8,105,56.5,18.51,2
1,6.04,2,42,68.0,3.48,0
16,8.5,8,128,54.8,1.88,0
10,5.72,6,90,61.5,2.62,0
11,2.58,4,92,53.0,8.9,1
18,0.82,4,120,53.2,36.59,2
21,2.54,4,121,47.7,11.91,1
23,4.45,6,131,49.6,4.9,0
6,7.72,6,75,65.5,1.62,0
19,2.28,6,94,62.1,6.86,0
5,7.34,6,84,60.0,1.91,0
20,8.74,6,133,54.8,2.54,0
23,4.81,8,151,44.5,3.92,0
0,8.3,6,77,61.4,1.55,0
16,5.77,6,102,53.0,2.95,0
10,6.55,6,96,52.8,2.44,0
21,5.5,6,128,50.1,3.88,0
17,4.9,4,101,55.3,5.15,0
20,2.73,6,139,46.6,8.49,1
16,3.38,8,130,49.9,4.81,0
6,3.25,8,99,56.5,3.8,0
16,5.85,8,122,59.6,2.61,0
19,1.64,2,106,50.9,32.33,2
8,9.21,4,61,66.9,1.66,0
16,7.35,6,110,51.4,2.5,0
19,4.31,2,109,40.4,12.63,1
21,2.01,6,135,45.3,11.21,1
21,8.88,2,98,50.8,5.52,0
7,8.33,2,57,65.4,3.42,0
16,7.36,8,122,49.4,2.07,0
6,3.08,8,101,56.7,4.1,0
0,4.32,2,32,69.3,3.7,0
12,1.48,8,121,47.7,10.25,1
22,2.3,2,86,62.0,18.73,2
18,7.94,4,109,48.7,3.43,0
23,7.29,8,163,30.1,2.79,0
18,6.14,8,135,47.0,2.75,0
16,9.01,8,138,50.9,1.91,0
12,6.04,4,91,60.7,3.77,0
15,4.94,2,74,62.4,7.5,0
7,3.73,6,78,66.8,3.48,0
18,9.43,8,128,53.4,1.7,0
17,1.29,2,89,56.1,34.61,2
0,9.34,4,51,68.5,1.36,0
13,8.35,6,119,51.7,2.37,0
18,1.73,8,145,43.3,10.45,1
14,5.87,4,101,60.4,4.3,0
17,8.73,4,105,53.0,3.01,0
1,5.93,6,61,62.2,1.71,0
21,9.12,2,102,41.5,5.59,0
16,9.46,8,132,43.0,1.74,0
17,4.51,8,123,42.7,3.41,0
5,4.08,2,63,64.0,7.71,0
18,9.4,2,101,48.5,5.38,0
3,6.91,2,33,74.8,2.39,0
0,1.6,6,61,70.3,6.35,0
7,0.9,6,83,59.1,15.34,2
22,5.86,8,156,36.1,3.33,0
6,9.34,6,90,58.9,1.61,0
2,8.52,4,58,75.0,1.7,0
9,6.92,8,113,59.7,2.04,0
9,1.82,6,82,52.5,7.5,0
18,2.92,2,93,49.5,15.95,2
13,8.82,4,89,49.3,2.52,0
1,2.24,2,32,66.3,7.15,0
0,3.15,8,68,64.3,2.7,0
22,1.73,2,102,51.7,29.46,2
22,6.92,6,137,41.6,3.3,0
17,9.47,6,101,59.9,1.78,0
6,3.06,8,102,57.2,4.17,0
7,5.02,2,58,57.0,5.78,0
0,6.53,8,78,65.4,1.49,0
22,9.99,2,105,56.3,5.25,0
2,1.5,4,56,68.6,9.36,1
23,5.24,6,139,42.4,4.42,0
22,4.16,8,155,40.3,4.66,0
7,8.73,4,78,50.6,2.23,0
21,5.02,4,125,53.1,6.22,0
14,1.55,8,129,42.8,10.37,1
4,6.53,8,91,52.9,1.74,0
2,7.82,4,51,62.8,1.63,0
18,0.53,2,79,69.3,74.9,2
0,8.66,4,53,63.4,1.53,0
14,2.27,8,139,50.0,7.66,0
7,5.74,4,69,62.6,3.0,0
1,4.45,2,43,65.1,4.83,0
2,7.34,6,66,58.4,1.5,0
23,4.03,6,138,42.4,5.71,0
13,8.76,4,103,53.9,2.94,0
23,7.44,2,111,55.3,7.46,0
13,6.65,6,91,54.9,2.28,0
10,8.06,4,87,55.7,2.7,0
15,7.66,4,103,49.8,3.36,0
3,0.84,2,46,62.5,27.33,2
19,4.25,8,147,36.9,4.32,0
4,9.34,4,55,71.2,1.47,0
21,1.69,8,147,40.6,10.84,1
20,7.5,8,155,39.0,2.58,0
13,9.76,6,117,47.4,2.0,0
22,1.0,8,155,39.7,19.46,2
15,6.98,2,72,63.9,5.16,0
17,4.95,6,108,50.6,3.64,0
6,6.0,6,87,59.2,2.42,0
9,1.31,6,96,63.1,12.21,1
6,0.91,4,68,58.9,18.71,2
0,6.84,4,43,67.1,1.57,0
22,8.32,8,154,44.7,2.31,0
20,7.93,6,129,55.2,2.71,0
18,5.67,6,124,42.8,3.65,0
15,1.45,2,86,50.0,29.68,2
18,7.04,8,135,46.2,2.4,0
3,2.8,2,40,69.5,7.15,0
17,9.16,8,146,47.0,1.99,0
1,8.46,8,79,63.0,1.17,0
0,7.24,4,47,68.1,1.62,0
14,9.51,4,106,58.7,2.79,0
4,0.8,2,42,66.1,26.3,2
19,7.49,8,140,46.1,2.34,0
10,3.64,6,93,50.7,4.26,0
9,9.11,4,61,64.5,1.67,0
1,3.03,6,69,55.4,3.79,0
2,7.39,2,31,66.7,2.1,0
22,8.84,4,120,58.5,3.39,0
22,0.9,4,129,38.6,36.0,2
11,4.28,8,94,55.4,2.75,0
19,7.74,2,88,62.1,5.68,0
4,4.82,8,100,66.1,2.59,0
4,3.04,4,42,70.4,3.46,0
5,2.59,2,64,65.2,12.36,1
8,1.75,4,79,60.4,11.29,1
1,8.64,2,49,73.0,2.83,0
20,5.97,4,106,55.7,4.44,0
11,1.23,6,96,53.1,13.05,1
2,4.13,6,72,67.6,2.9,0
19,3.99,8,162,37.2,5.07,0
21,2.23,6,144,36.0,10.78,1
11,4.64,4,86,50.5,4.64,0
23,3.65,4,123,48.2,8.41,1
16,3.75,6,122,50.0,5.43,0
9,7.52,8,134,51.3,2.23,0
23,2.62,6,140,48.2,8.9,1
13,6.6,2,75,61.6,5.68,0
22,5.92,2,98,60.6,8.28,1
16,5.9,2,86,58.6,7.29,0
17,6.8,6,113,45.3,2.77,0
18,5.71,6,126,41.0,3.68,0
16,8.85,6,101,61.1,1.9,0
13,6.92,2,72,50.8,5.2,0
8,5.7,8,115,50.2,2.52,0
7,8.38,4,76,75.9,2.27,0
1,6.26,6,66,65.8,1.76,0
12,3.27,8,117,49.7,4.48,0
6,2.47,4,80,51.6,8.11,1
8,1.95,4,63,72.3,8.09,1
21,9.04,4,102,60.6,2.82,0
21,7.25,8,137,49.2,2.36,0
10,9.41,8,113,51.7,1.5,0
13,6.23,2,61,67.6,4.89,0
3,5.0,8,102,53.8,2.55,0
12,1.07,8,110,47.6,12.88,1
1,6.88,8,89,62.5,1.62,0
22,6.03,4,112,51.7,4.64,0
4,9.91,6,79,62.9,1.33,0
10,2.77,2,49,67.1,8.84,1
5,5.54,6,93,59.1,2.8,0
17,6.68,6,109,52.7,2.72,0
20,6.62,8,133,46.3,2.51,0
9,5.83,2,86,58.6,7.37,0
3,7.88,6,82,74.3,1.73,0
8,2.45,6,101,58.8,6.88,0
5,7.39,2,55,79.2,3.72,0
1,6.39,8,82,59.5,1.6,0
16,9.01,6,102,53.0,1.89,0
4,8.55,4,61,59.4,1.78,0
5,3.49,6,73,69.8,3.48,0
11,3.12,4,75,56.7,6.0,0
22,9.83,8,134,55.5,1.7,0
20,5.51,6,129,42.7,3.9,0
9,9.11,2,78,64.9,4.28,0
21,2.06,2,104,46.0,25.28,2
20,6.61,6,126,46.3,3.18,0
5,8.19,8,98,55.6,1.5,0
7,9.5,8,74,58.5,0.97,0
1,3.7,2,34,70.7,4.59,0
11,7.39,6,86,57.7,1.94,0
12,5.62,8,121,53.8,2.69,0
20,1.08,2,93,46.3,43.22,2
6,7.05,4,61,61.9,2.16,0
9,7.06,6,96,62.3,2.27,0
12,9.34,4,89,60.6,2.38,0
16,5.22,4,115,57.6,5.5,0
20,2.69,8,150,46.3,6.98,0
13,0.92,8,125,43.3,16.92,2
1,4.45,8,77,64.1,2.16,0
21,3.37,6,120,50.5,5.94,0
10,7.73,4,87,69.6,2.81,0
0,3.87,6,65,67.8,2.8,0
18,9.52,8,140,47.6,1.84,0
20,9.64,4,121,53.1,3.14,0
3,6.4,6,61,67.1,1.59,0
18,9.32,6,135,48.5,2.41,0
20,7.73,2,105,52.4,6.79,0
10,5.7,6,77,63.4,2.25,0
7,2.21,8,128,52.7,7.23,0
10,4.86,6,101,60.1,3.47,0
3,5.83,4,56,70.7,2.4,0
16,8.71,6,121,57.3,2.32,0
6,5.07,2,44,74.6,4.34,0
7,9.03,4,78,63.6,2.16,0
2,6.91,4,50,61.8,1.81,0
21,1.8,2,119,44.5,33.03,2
1,9.95,8,87,57.0,1.09,0
22,5.51,4,124,49.2,5.63,0
14,4.22,8,118,57.5,3.49,0
23,6.76,4,129,33.9,4.77,0
21,1.53,4,114,46.3,18.57,2
21,6.55,8,132,46.0,2.52,0
4,5.23,4,61,59.8,2.91,0
23,4.36,8,172,33.0,4.93,0
0,9.55,2,44,66.5,2.3,0
3,5.46,8,89,53.0,2.04,0
14,2.58,2,59,61.4,11.43,1
19,4.86,4,100,61.8,5.14,0
18,9.23,8,123,52.3,1.67,0
2,2.17,4,39,74.1,4.49,0
19,2.53,8,148,42.8,7.3,0
10,0.62,2,66,68.6,52.9,2
16,0.63,2,101,59.0,79.55,2
12,8.38,8,110,55.5,1.64,0
10,7.46,2,65,60.5,4.36,0
1,3.87,4,41,67.5,2.65,0
8,7.13,4,70,67.8,2.45,0
1,4.25,6,68,60.4,2.66,0
20,9.55,2,92,50.6,4.82,0
8,9.69,4,76,58.3,1.96,0
8,4.23,8,117,58.5,3.46,0
7,8.62,2,65,61.1,3.77,0
16,7.84,4,92,58.6,2.93,0
0,3.44,2,35,68.2,5.08,0
10,2.7,8,121,53.6,5.59,0
7,4.85,4,83,61.9,4.28,0
9,7.92,6,88,50.5,1.85,0
6,9.62,6,93,58.1,1.61,0
2,7.75,2,45,60.3,2.9,0
2,8.62,8,79,57.5,1.14,0
17,6.23,4,111,52.2,4.45,0
4,8.44,8,97,65.0,1.44,0
11,7.95,4,67,64.8,2.11,0
11,4.08,2,66,59.7,8.09,1
18,5.74,4,106,51.9,4.61,0
5,8.15,8,92,61.6,1.41,0
1,0.94,8,99,51.5,13.2,1
11,8.18,2,81,65.2,4.95,0
18,2.19,8,134,43.9,7.65,0
4,5.39,4,59,60.7,2.74,0
11,8.18,2,67,60.8,4.1,0
16,2.91,4,97,47.7,8.33,1
16,2.84,8,126,37.6,5.56,0
9,4.33,2,25,73.3,2.89,0
22,9.0,4,135,45.9,3.75,0
16,0.5,8,132,48.3,32.72,2
14,9.06,8,124,48.6,1.71,0
11,1.96,6,104,65.6,8.84,1
15,9.91,8,128,48.8,1.62,0
23,9.57,4,116,44.1,3.03,0
18,5.2,2,79,54.7,7.6,0
7,5.37,6,70,62.5,2.17,0
20,5.07,8,130,45.3,3.2,0
16,6.54,8,120,43.9,2.29,0
22,1.36,8,156,40.7,14.32,1
4,0.81,4,71,62.0,21.92,2
21,1.05,6,122,57.5,19.4,2
15,4.72,4,70,57.9,3.71,0
5,3.12,6,83,57.2,4.44,0
7,6.41,2,52,75.0,4.06,0
17,9.93,4,98,57.1,2.47,0
11,4.17,4,94,51.9,5.64,0
14,5.95,2,79,56.7,6.64,0
8,4.45,6,82,53.4,3.07,0
12,8.55,8,107,53.6,1.56,0
14,9.07,2,75,66.4,4.13,0
9,8.83,8,101,62.9,1.43,0
15,9.76,8,128,40.6,1.64,0
6,0.76,2,64,68.3,42.03,2
16,8.48,6,102,55.3,2.01,0
22,7.64,8,150,41.2,2.45,0
20,2.67,2,105,51.7,19.64,2
21,9.59,4,114,41.9,2.97,0
6,1.91,4,77,63.9,10.09,1
13,6.96,4,88,51.4,3.16,0
14,2.64,2,79,56.5,14.98,1
20,4.6,4,116,53.1,6.31,0
6,7.33,8,96,46.9,1.64,0
8,5.85,4,95,49.6,4.06,0
18,4.56,4,111,58.3,6.08,0
15,3.6,8,142,45.1,4.93,0
7,8.48,4,83,55.9,2.45,0
17,1.87,8,138,46.1,9.24,1
22,4.59,4,131,50.6,7.14,0
17,9.09,8,136,51.6,1.87,0
19,8.54,4,101,49.2,2.96,0
6,4.31,8,102,49.4,2.96,0
2,7.75,2,31,75.3,2.0,0
17,8.32,8,113,55.0,1.7,0
9,8.94,4,70,55.8,1.96,0
6,5.67,4,70,57.6,3.08,0
16,2.44,6,126,47.5,8.6,1
13,2.93,8,114,51.6,4.87,0
23,3.31,2,115,51.5,17.38,2
2,6.14,8,77,54.0,1.57,0
11,0.81,8,107,53.5,16.48,2
12,6.54,2,86,54.9,6.57,0
1,3.96,8,87,52.4,2.75,0
2,3.3,2,40,69.9,6.05,0
4,8.86,2,50,66.9,2.82,0
10,4.87,8,101,58.8,2.59,0
7,1.4,8,101,50.4,9.0,1
22,8.35,4,118,51.7,3.53,0
22,0.95,4,130,39.7,34.12,2
11,7.4,6,84,57.6,1.89,0
6,7.85,6,103,56.6,2.19,0
14,3.85,8,124,51.7,4.03,0
23,8.34,2,93,59.5,5.58,0
16,5.4,6,103,58.3,3.18,0
3,4.9,8,95,54.0,2.42,0
21,0.93,6,117,53.2,20.94,2
12,3.26,2,66,72.8,10.14,1
17,9.34,8,132,44.7,1.77,0
0,4.22,2,47,75.2,5.57,0
15,5.69,8,139,49.6,3.05,0
12,5.55,6,97,54.4,2.91,0
9,6.11,4,76,60.1,3.11,0
11,1.08,6,85,59.3,13.09,1
1,3.94,6,50,71.6,2.11,0
22,7.37,4,105,55.8,3.56,0
2,2.41,4,69,60.4,7.17,0
9,2.43,8,118,40.1,6.06,0
1,0.6,8,90,60.9,18.88,2
22,4.66,2,87,48.6,9.34,1
12,8.89,2,64,57.2,3.6,0
12,0.99,6,95,54.2,15.94,2
17,2.32,4,101,48.7,10.9,1
2,3.45,2,39,71.8,5.66,0
6,7.45,6,75,59.8,1.68,0
13,6.59,4,94,60.4,3.57,0
19,4.45,8,143,36.2,4.02,0
16,7.71,6,108,49.7,2.33,0
20,6.29,8,147,43.3,2.92,0
11,9.01,2,80,60.2,4.44,0
15,8.27,2,95,59.7,5.74,0
23,2.9,4,125,44.2,10.77,1
11,3.08,6,105,51.4,5.68,0
14,1.69,8,123,51.8,9.09,1
9,3.7,4,89,46.8,6.01,0
6,10.0,2,43,71.2,2.15,0
19,4.35,2,102,58.3,11.71,1
4,2.59,6,77,54.1,4.95,0
0,7.74,8,98,53.9,1.58,0
16,5.65,6,121,57.2,3.57,0
2,1.92,8,89,61.0,5.79,0
12,4.12,8,117,53.0,3.55,0
13,4.44,6,112,57.0,4.21,0
23,7.66,4,125,57.8,4.08,0
17,0.7,6,115,51.3,27.52,2
3,3.06,6,77,58.7,4.2,0
17,5.42,2,95,61.2,8.77,1
4,3.05,2,34,70.6,5.57,0
15,6.47,6,120,45.4,3.09,0
0,5.08,6,73,59.0,2.4,0
20,3.94,2,107,54.8,13.59,1
13,9.52,8,115,49.0,1.51,0
14,6.51,6,110,50.6,2.82,0
8,1.73,4,78,55.4,11.24,1
14,5.82,4,101,61.9,4.34,0
16,7.92,4,104,52.3,3.28,0
23,7.23,6,124,45.4,2.86,0
3,2.13,8,95,53.2,5.56,0
11,9.74,8,137,49.8,1.76,0
4,4.76,2,54,69.4,5.67,0
4,2.01,6,96,53.5,7.96,0
10,2.21,8,124,49.2,7.01,0
5,1.43,6,96,57.4,11.16,1
6,8.13,2,57,62.2,3.5,0
23,1.66,2,110,44.8,33.15,2
13,1.69,2,77,63.3,22.8,2
23,8.58,4,121,46.5,3.53,0
10,3.77,6,105,56.0,4.64,0
12,0.79,2,66,65.1,41.61,2
1,0.99,6,89,58.0,14.94,1
6,1.85,4,60,62.9,8.11,1
19,2.53,4,117,47.6,11.57,1
3,6.82,2,58,59.8,4.25,0
7,1.99,2,55,63.2,13.79,1
19,1.63,8,129,50.6,9.9,1
21,7.76,6,142,51.5,3.05,0
20,6.88,2,98,61.8,7.13,0
18,4.64,8,146,44.2,3.94,0
12,5.72,6,102,61.5,2.97,0
13,3.46,2,92,55.5,13.28,1
9,5.08,8,89,51.3,2.19,0
10,5.31,8,117,60.4,2.75,0
1,4.18,6,84,61.7,3.35,0
8,9.11,8,109,45.1,1.5,0
16,0.65,6,119,58.0,30.39,2
2,7.93,6,69,59.0,1.45,0
23,1.68,6,137,43.1,13.58,1
5,8.08,4,50,72.6,1.55,0
4,6.35,8,88,64.8,1.73,0
4,8.51,6,72,57.0,1.41,0
21,1.43,2,105,61.1,36.81,2
14,5.81,4,88,62.4,3.79,0
22,5.26,4,112,48.0,5.32,0
16,7.21,8,128,46.8,2.22,0
8,5.58,6,84,66.6,2.51,0
2,5.64,8,92,49.2,2.04,0
19,4.58,4,112,58.9,6.11,0
16,3.43,6,124,53.2,6.02,0
9,5.08,2,69,65.3,6.79,0
2,1.63,6,79,60.9,8.1,1
17,9.63,4,99,65.1,2.57,0
17,7.29,2,83,69.8,5.7,0
16,9.55,6,107,50.2,1.87,0
23,2.65,2,96,59.1,18.09,2
2,8.85,2,43,78.6,2.43,0
2,8.18,4,50,63.6,1.53,0
5,6.93,2,65,65.0,4.69,0
12,6.44,8,119,55.3,2.31,0
23,3.51,4,136,35.9,9.69,1
14,8.26,8,131,51.4,1.98,0
8,5.26,2,52,61.6,4.94,0
3,1.17,8,92,58.0,9.8,1
13,3.47,6,90,63.2,4.32,0
4,9.39,2,49,55.8,2.61,0
1,8.58,6,64,67.9,1.24,0
10,9.83,8,102,64.7,1.3,0
8,6.47,6,107,50.6,2.76,0
23,2.85,2,115,54.1,20.17,2
2,2.05,6,84,65.7,6.84,0
8,2.28,8,115,43.3,6.32,0
2,0.69,8,77,64.5,13.99,1
1,4.21,8,82,64.6,2.43,0
11,2.32,2,65,66.9,14.02,1
9,4.41,8,93,57.2,2.64,0
8,9.38,2,54,61.5,2.88,0
14,4.59,6,104,61.0,3.78,0
7,8.84,8,106,53.7,1.5,0
4,6.25,6,105,49.2,2.8,0
10,2.85,4,81,58.2,7.11,0
1,3.88,6,72,63.8,3.09,0
23,1.3,4,118,42.7,22.74,2
14,3.67,6,117,50.8,5.32,0
5,6.94,2,40,67.9,2.88,0
7,1.19,6,107,59.9,15.05,2
4,2.45,2,46,59.1,9.38,1
15,4.12,2,77,65.4,9.34,1
17,9.83,8,144,51.1,1.83,0
5,7.96,2,42,60.3,2.64,0
4,7.47,4,71,53.7,2.38,0
15,1.6,8,143,53.2,11.15,1
12,7.92,8,117,46.2,1.85,0
4,7.96,6,100,70.5,2.09,0
12,6.21,2,78,51.5,6.28,0
16,9.91,2,90,58.4,4.54,0
17,3.59,4,116,50.9,8.08,1
7,9.44,6,105,52.7,1.85,0
12,9.19,6,106,55.8,1.92,0
18,0.61,8,145,46.4,29.76,2
2,4.78,8,103,53.4,2.7,0
23,9.78,8,141,39.7,1.8,0
7,1.48,4,55,71.5,9.29,1
1,5.7,4,54,69.6,2.37,0
7,9.8,8,87,58.8,1.11,0
12,5.78,6,100,58.0,2.88,0
12,2.3,4,91,61.1,9.88,1
0,6.03,6,65,59.9,1.8,0
5,2.44,6,81,62.6,5.53,0
23,5.44,2,94,53.7,8.64,1
18,1.2,8,145,47.8,15.06,2
15,6.25,2,70,61.5,5.6,0
7,5.41,8,83,62.3,1.92,0
0,7.53,8,81,57.6,1.34,0
15,6.49,6,122,52.8,3.13,0
8,5.72,8,108,48.1,2.36,0
12,7.05,6,92,57.2,2.17,0
10,1.87,6,99,60.2,8.84,1
12,6.16,8,124,51.3,2.52,0
20,2.14,6,128,49.0,9.99,1
9,9.29,6,92,66.0,1.65,0
3,1.15,6,81,64.9,11.75,1
5,4.59,4,49,72.0,2.67,0
6,7.11,6,77,64.0,1.8,0
4,4.85,4,50,71.4,2.58,0
10,1.37,4,95,64.5,17.27,2
12,5.76,6,111,50.2,3.21,0
18,6.6,6,123,54.3,3.11,0
22,7.19,4,103,56.0,3.58,0
9,4.05,4,86,56.6,5.31,0
9,5.85,6,108,52.5,3.07,0
10,4.78,6,103,55.3,3.59,0
20,6.88,8,143,40.0,2.6,0
6,6.04,4,76,65.3,3.14,0
17,5.49,4,105,53.2,4.78,0
3,2.87,8,102,54.9,4.44,0
1,0.52,4,64,70.8,30.82,2
13,2.15,2,72,62.6,16.71,2
12,1.61,4,81,67.5,12.56,1
11,4.77,8,113,49.1,2.96,0
6,6.32,2,59,59.8,4.67,0
1,2.52,6,67,61.8,4.42,0
12,9.42,8,112,37.9,1.49,0
13,0.56,8,122,54.0,27.06,2
16,7.84,6,127,43.1,2.7,0
8,6.44,8,109,49.7,2.12,0
16,4.05,4,97,59.3,5.99,0
7,0.98,6,92,57.6,15.65,2
1,6.46,8,87,56.0,1.68,0
23,4.16,6,117,40.6,4.68,0
12,9.39,6,110,59.0,1.95,0
2,5.65,6,78,64.1,2.3,0
15,9.43,2,81,70.0,4.3,0
5,2.59,8,109,49.8,5.25,0
18,7.39,2,102,47.2,6.9,0
6,6.36,8,109,57.7,2.14,0
9,7.52,4,70,61.6,2.33,0
8,2.54,4,67,66.4,6.6,0
1,6.82,4,66,71.6,2.42,0
14,5.23,8,107,55.2,2.56,0
4,7.56,6,78,61.3,1.72,0
21,3.61,6,135,47.4,6.24,0
3,8.96,2,27,65.1,1.51,0
19,1.3,2,95,61.8,36.51,2
3,8.17,4,70,68.4,2.14,0
17,8.68,2,72,64.7,4.15,0
3,8.26,8,109,45.2,1.65,0
16,5.37,8,121,49.1,2.82,0
11,4.66,2,74,68.7,7.93,0
21,9.96,2,98,52.7,4.92,0
16,2.68,2,84,64.9,15.69,2
9,5.7,2,50,67.8,4.39,0
21,6.87,4,127,51.8,4.62,0
0,7.16,4,55,64.2,1.92,0
21,2.44,2,115,51.7,23.58,2
23,6.71,8,140,47.2,2.61,0
17,8.27,4,101,49.3,3.05,0
17,0.98,8,137,47.1,17.56,2
13,9.16,6,107,39.8,1.95,0
14,0.78,8,132,44.0,21.15,2
11,3.88,2,67,66.0,8.63,1
3,0.65,6,98,61.1,25.12,2
2,1.23,4,58,67.9,11.76,1
19,9.16,4,80,53.0,2.18,0
11,3.87,6,101,59.9,4.35,0
6,4.54,8,114,45.8,3.14,0
10,2.55,4,72,65.1,7.07,0
0,6.17,2,26,68.0,2.11,0
5,6.15,6,74,57.6,2.01,0
14,4.04,2,67,58.5,8.3,1
14,3.66,6,105,54.4,4.78,0
18,8.91,4,115,50.3,3.23,0
10,4.14,8,129,50.3,3.89,0
22,5.19,6,109,52.7,3.5,0
1,3.19,6,67,55.7,3.5,0
13,7.97,2,78,61.9,4.89,0
1,4.28,4,57,56.9,3.33,0
3,5.38,2,63,59.8,5.86,0
16,2.91,4,79,58.4,6.79,0
2,9.88,2,16,73.8,0.81,0
12,3.27,6,124,40.8,6.32,0
8,7.82,2,67,70.1,4.28,0
6,4.56,8,96,64.2,2.63,0
14,2.46,4,95,67.5,9.66,1
22,8.1,4,120,55.7,3.7,0
10,3.67,6,92,55.0,4.18,0
19,8.72,4,110,50.4,3.15,0
1,9.19,8,90,55.2,1.22,0
14,8.67,2,98,65.4,5.65,0
13,0.83,6,116,50.4,23.22,2
19,7.98,8,158,46.8,2.47,0
21,4.41,4,101,60.7,5.73,0
10,8.8,4,78,61.4,2.22,0
2,6.56,8,92,49.7,1.75,0
16,8.42,2,64,63.5,3.8,0
11,5.24,2,80,60.7,7.63,0
23,5.58,6,143,50.6,4.27,0
20,1.87,4,108,53.1,14.43,1
14,7.95,8,124,43.0,1.95,0
15,4.48,2,93,61.7,10.37,1
4,5.25,6,72,60.9,2.29,0
19,7.96,4,121,37.0,3.8,0
5,6.19,4,64,65.6,2.59,0
18,2.41,6,129,50.3,8.92,1
4,6.11,6,80,55.8,2.18,0
2,4.37,2,64,63.0,7.32,0
0,4.96,8,75,64.5,1.89,0
5,0.77,4,61,66.4,19.83,2
14,2.5,8,110,44.7,5.51,0
1,3.17,4,44,75.3,3.47,0
2,7.27,4,65,72.3,2.23,0
16,0.61,8,148,40.4,30.37,2
23,4.38,6,145,34.2,5.51,0
11,9.28,2,68,66.9,3.66,0
17,1.56,4,94,53.1,15.04,2
14,5.41,6,118,53.2,3.64,0
11,7.97,4,75,72.3,2.35,0
15,9.45,2,67,55.5,3.54,0
7,7.59,4,69,58.8,2.27,0
13,7.35,2,54,65.5,3.68,0
16,8.35,2,70,69.0,4.19,0
20,4.74,4,130,65.3,6.86,0
7,8.16,4,57,67.0,1.75,0
14,0.58,2,66,55.3,57.33,2
13,9.28,6,107,51.5,1.92,0
17,4.71,8,136,42.1,3.61,0
19,5.76,2,90,61.1,7.82,0
6,2.92,4,49,69.6,4.19,0
2,7.55,4,66,58.3,2.18,0
11,1.23,6,96,51.8,13.03,1
20,8.79,8,156,39.2,2.22,0
23,8.37,2,98,54.3,5.86,0
2,2.55,2,51,67.0,9.99,1
19,8.19,8,153,42.0,2.34,0
13,7.97,2,70,68.7,4.39,0
14,6.51,8,134,44.5,2.57,0
13,4.05,4,77,58.0,4.75,0
6,3.08,8,104,47.3,4.22,0
16,2.7,2,96,54.9,17.76,2
11,3.53,8,122,50.8,4.32,0
19,9.08,6,149,34.1,2.73,0
3,1.24,4,66,61.8,13.33,1
8,8.37,4,72,67.8,2.15,0
5,3.81,8,127,51.5,4.16,0
15,5.46,2,97,57.6,8.89,1
21,8.05,6,114,54.6,2.36,0
21,8.9,4,107,50.4,3.01,0
20,3.78,4,101,51.2,6.69,0
20,4.89,2,102,60.9,10.43,1
1,4.44,2,44,73.1,4.96,0
23,0.63,6,142,40.8,37.81,2
7,3.31,8,88,48.6,3.32,0
10,4.86,2,59,61.6,6.07,0
12,4.41,8,118,53.2,3.35,0
16,7.36,6,97,52.5,2.2,0
7,4.16,8,96,57.7,2.89,0
20,5.15,4,125,55.8,6.07,0
17,4.58,8,119,49.8,3.25,0
17,7.54,6,133,47.9,2.94,0
13,8.7,6,117,54.2,2.24,0
14,5.55,6,107,47.8,3.21,0
5,8.0,8,92,53.1,1.44,0
10,3.32,4,90,61.1,6.78,0
12,5.64,2,64,64.2,5.67,0
0,3.78,4,44,69.6,2.91,0
5,4.43,8,98,55.7,2.76,0
8,7.46,8,86,63.4,1.44,0
7,8.88,2,42,71.7,2.37,0
10,1.65,8,110,54.7,8.31,1
21,6.53,6,135,52.4,3.45,0
18,6.03,6,113,59.8,3.12,0
23,1.62,6,135,57.5,13.85,1
8,2.51,6,75,58.4,4.97,0
16,3.45,6,125,61.1,6.03,0
11,2.09,8,119,44.8,7.13,0
13,2.82,2,78,70.2,13.85,1
14,3.04,2,82,56.3,13.48,1
15,3.69,6,113,51.4,5.11,0
21,7.62,8,142,44.6,2.33,0
21,5.93,4,126,44.2,5.31,0
19,9.87,4,110,52.9,2.79,0
0,4.44,8,82,55.4,2.31,0
9,7.66,6,94,50.3,2.04,0
7,8.78,2,56,65.8,3.19,0
17,6.95,8,133,54.7,2.39,0
0,4.41,4,56,64.7,3.17,0
1,7.66,4,45,73.5,1.47,0
0,2.43,4,43,65.0,4.42,0
0,3.61,6,73,55.3,3.37,0
8,5.69,4,74,63.8,3.25,0
12,5.97,8,129,56.5,2.7,0
0,0.71,8,88,59.0,15.49,2
12,9.48,4,82,63.6,2.16,0
19,7.12,8,146,51.0,2.56,0
21,5.21,4,126,48.3,6.05,0
6,9.36,4,74,60.7,1.98,0
1,4.67,2,45,71.1,4.82,0
5,9.81,6,81,63.0,1.38,0
6,5.37,6,95,49.3,2.95,0
13,1.59,2,69,64.2,21.76,2
17,7.77,2,90,57.5,5.79,0
14,6.95,6,135,42.3,3.24,0
1,7.84,4,60,64.7,1.91,0
9,9.54,4,74,55.7,1.94,0
22,7.88,6,129,40.2,2.73,0
11,6.31,4,84,59.3,3.33,0
16,8.64,2,92,61.5,5.32,0
7,6.9,4,74,59.8,2.68,0
10,4.38,4,75,56.4,4.28,0
2,8.91,8,83,55.2,1.16,0
5,2.61,8,100,57.7,4.79,0
8,7.29,8,108,61.3,1.85,0
5,8.87,4,71,66.1,2.0,0
8,7.45,6,101,61.3,2.26,0
6,7.12,2,81,54.5,5.68,0
8,7.65,4,61,64.4,1.99,0
17,4.92,6,125,53.8,4.24,0
11,8.8,4,85,51.8,2.41,0
7,2.43,2,38,67.2,7.81,0
7,1.71,4,85,63.5,12.43,1
17,3.21,2,91,58.5,14.16,1
19,5.55,4,116,46.2,5.23,0
14,5.35,2,61,56.6,5.7,0
6,8.3,4,67,69.9,2.02,0
10,4.34,2,55,56.0,6.33,0
19,5.1,8,162,42.7,3.97,0
15,0.63,4,108,50.3,43.06,2
3,4.39,4,54,71.7,3.07,0
5,6.65,6,67,58.0,1.68,0
21,0.65,6,132,60.1,33.99,2
2,3.17,2,52,69.0,8.21,1
8,2.48,4,58,68.3,5.86,0
9,0.9,2,53,62.9,29.48,2
13,5.05,8,111,51.6,2.75,0
10,2.23,6,106,53.0,7.94,0
17,7.56,2,83,68.2,5.49,0
21,8.56,2,95,58.3,5.55,0
11,5.68,6,102,57.2,2.99,0
22,9.83,4,109,55.4,2.77,0
11,4.78,2,54,69.6,5.65,0
12,5.38,6,117,43.8,3.63,0
12,9.9,4,102,64.7,2.58,0
18,2.7,8,139,40.9,6.44,0
18,9.45,6,124,48.8,2.19,0
22,0.91,2,114,59.2,62.85,2
13,4.74,8,124,58.7,3.27,0
3,1.17,4,56,70.0,12.02,1
12,7.43,4,88,55.5,2.96,0
7,6.28,6,102,55.1,2.71,0
22,7.21,6,134,47.3,3.1,0
20,4.06,6,121,50.8,4.97,0
22,4.01,4,119,44.1,7.42,0
18,0.93,8,144,50.3,19.34,2
11,3.82,4,90,58.2,5.88,0
17,9.33,2,92,53.4,4.93,0
5,4.1,4,58,63.0,3.53,0
17,8.4,2,94,57.8,5.6,0
18,8.5,8,138,38.5,2.03,0
21,4.05,6,123,53.6,5.07,0
4,6.5,6,87,59.4,2.23,0
23,1.41,4,116,58.8,20.63,2
8,1.48,6,76,61.4,8.53,1
2,0.96,8,79,54.8,10.26,1
9,6.02,6,93,50.8,2.57,0
18,4.55,4,111,50.3,6.1,0
2,5.71,8,81,58.3,1.77,0
21,5.45,2,96,53.2,8.81,1
14,3.83,4,81,60.4,5.29,0
0,6.94,2,45,65.8,3.24,0
6,7.71,8,119,51.5,1.93,0
11,0.64,4,101,52.1,39.52,2
16,2.47,4,109,55.9,11.04,1
20,7.28,8,152,40.4,2.61,0
23,4.17,6,116,57.2,4.63,0
19,6.79,4,110,55.8,4.05,0
4,3.8,4,59,66.2,3.89,0
3,4.21,2,53,65.7,6.29,0
11,2.01,6,75,53.7,6.23,0
19,2.95,2,94,63.6,15.91,2
23,6.25,2,102,51.1,8.16,1
17,4.62,6,130,48.0,4.69,0
16,7.86,6,131,49.0,2.78,0
18,8.6,8,128,47.1,1.86,0
8,5.65,6,83,66.0,2.45,0
3,7.7,4,63,58.1,2.04,0
20,3.42,6,145,52.4,7.08,0
1,4.44,8,87,61.6,2.45,0
3,7.27,8,80,58.8,1.38,0
1,4.17,8,80,58.8,2.4,0
14,6.09,6,112,40.9,3.06,0
1,2.26,6,73,57.5,5.38,0
3,6.2,2,37,69.0,2.98,0
5,8.68,2,44,69.9,2.53,0
6,8.75,4,60,71.3,1.71,0
9,7.38,2,74,71.7,5.01,0
18,7.58,4,97,57.1,3.2,0
18,5.8,8,133,47.8,2.87,0
21,6.05,2,94,54.0,7.76,0
11,1.77,6,84,50.4,7.91,0
2,4.72,2,33,68.7,3.5,0
12,4.78,4,100,54.0,5.23,0
17,9.61,2,74,66.4,3.85,0
7,4.6,8,95,58.8,2.58,0
20,5.72,6,114,52.6,3.32,0
14,5.57,4,93,53.8,4.18,0
0,6.55,6,86,48.6,2.19,0
2,7.61,6,72,52.4,1.58,0
